trace_file,game,method,game_number,target,target_source,provenance_hash,trace_schema_version,sigma_mode,generation,source_event,operator,hypothesis_name,parent_id,parent_rank,predicted_closeness,predicted_closeness_clamped,predicted_bucket,self_report_parse_failed,injected_rationale_hash,rationale_inherited,rationale_truncated,basis_words_count,proposed_word,realized_rank,proposed_word_invalid,child_best_word,child_best_rank
ea_llm_self_adaptive_api_1390_run1_20260720_144938.json,api,ea_llm_self_adaptive,1390,pantry,solved,bd9f2858283673a2,3,frozen_uniform,1,OPERATOR_SAMPLED,ml_mutation,edible item descriptors,4471ef0cd6ee497d80f62d6c1f74a33e,103,0.4,False,top500,False,,False,False,1,crispy,12356,False,sweet,1054
ea_llm_self_adaptive_api_1390_run1_20260720_144938.json,api,ea_llm_self_adaptive,1390,pantry,solved,bd9f2858283673a2,3,frozen_uniform,1,OPERATOR_SAMPLED,m_mutation,furniture types,ceabdfb5be3945afa7ff873d16603a28,126,0.3,False,top500,False,,False,False,1,table,345,False,counter,19
ea_llm_self_adaptive_api_1390_run1_20260720_144938.json,api,ea_llm_self_adaptive,1390,pantry,solved,bd9f2858283673a2,3,frozen_uniform,1,OPERATOR_SAMPLED,s_mutation,workspace environments,0040606f8dd749618709729196a6758d,241,0.6,False,top500,False,,False,False,1,workspace,471,False,workspace,471
ea_llm_self_adaptive_api_1390_run1_20260720_144938.json,api,ea_llm_self_adaptive,1390,pantry,solved,bd9f2858283673a2,3,frozen_uniform,1,OPERATOR_SAMPLED,s_mutation,mothers,b63643e0486c494db4f4638affa105c9,583,0.6,False,top500,False,,False,False,1,mother,583,False,mother,583
ea_llm_self_adaptive_api_1390_run1_20260720_144938.json,api,ea_llm_self_adaptive,1390,pantry,solved,bd9f2858283673a2,3,frozen_uniform,1,OPERATOR_SAMPLED,l_mutation,celestial bodies,c9a8e14caeda411a9edc052ade91503b,1300,0.2,False,beyond,False,,False,False,1,star,36685,False,planet,16487
ea_llm_self_adaptive_api_1390_run1_20260720_144938.json,api,ea_llm_self_adaptive,1390,pantry,solved,bd9f2858283673a2,3,frozen_uniform,1,CROSSOVER,crossover,kitchen_elements,8b77ea20ded0498e9acd103c64e62a38;4471ef0cd6ee497d80f62d6c1f74a33e,19,0.3,False,beyond,False,,False,False,4,surface,10472,False,counter,19
ea_llm_self_adaptive_api_1390_run1_20260720_144938.json,api,ea_llm_self_adaptive,1390,pantry,solved,bd9f2858283673a2,3,frozen_uniform,2,OPERATOR_SAMPLED,l_mutation,architectural elements,8b77ea20ded0498e9acd103c64e62a38,6,0.4,False,top500,False,3ab83fa7f3bcf123,True,False,1,beam,1770,False,wall,483
ea_llm_self_adaptive_api_1390_run1_20260720_144938.json,api,ea_llm_self_adaptive,1390,pantry,solved,bd9f2858283673a2,3,frozen_uniform,2,OPERATOR_SAMPLED,ml_mutation,food textures,4471ef0cd6ee497d80f62d6c1f74a33e,103,0.2,False,beyond,False,,False,False,1,soft,9962,False,light,5485
ea_llm_self_adaptive_api_1390_run1_20260720_144938.json,api,ea_llm_self_adaptive,1390,pantry,solved,bd9f2858283673a2,3,frozen_uniform,2,OPERATOR_SAMPLED,ml_mutation,furniture,ceabdfb5be3945afa7ff873d16603a28,126,0.6,False,top500,False,,False,False,1,cabinet,5,False,cabinet,5
ea_llm_self_adaptive_api_1390_run1_20260720_144938.json,api,ea_llm_self_adaptive,1390,pantry,solved,bd9f2858283673a2,3,frozen_uniform,2,OPERATOR_SAMPLED,ml_mutation,places,0040606f8dd749618709729196a6758d,241,0.6,False,top500,False,,False,False,1,building,914,False,room,119
ea_llm_self_adaptive_api_1390_run1_20260720_144938.json,api,ea_llm_self_adaptive,1390,pantry,solved,bd9f2858283673a2,3,frozen_uniform,2,OPERATOR_SAMPLED,l_mutation,care roles,b63643e0486c494db4f4638affa105c9,583,0.4,False,top500,False,,False,False,1,helper,110,False,helper,110
ea_llm_self_adaptive_api_1390_run1_20260720_144938.json,api,ea_llm_self_adaptive,1390,pantry,solved,bd9f2858283673a2,3,frozen_uniform,2,CROSSOVER,crossover,modular_furniture,79e6eb30442e418c86426f0ff4169b1e;8b77ea20ded0498e9acd103c64e62a38,5,0.7,False,top500,False,,False,False,3,table,345,False,cabinet,5
ea_llm_self_adaptive_api_1390_run1_20260720_144938.json,api,ea_llm_self_adaptive,1390,pantry,solved,bd9f2858283673a2,3,frozen_uniform,3,OPERATOR_SAMPLED,l_mutation,containers,79e6eb30442e418c86426f0ff4169b1e,5,0.3,False,top500,False,bd8e4e79ae1113e0,True,False,1,locker,134,False,locker,134
ea_llm_self_adaptive_api_1390_run1_20260720_144938.json,api,ea_llm_self_adaptive,1390,pantry,solved,bd9f2858283673a2,3,frozen_uniform,3,OPERATOR_SAMPLED,s_mutation,bread components,4471ef0cd6ee497d80f62d6c1f74a33e,103,0.7,False,top500,False,,False,False,1,crust,4003,False,dough,1585
ea_llm_self_adaptive_api_1390_run1_20260720_144938.json,api,ea_llm_self_adaptive,1390,pantry,solved,bd9f2858283673a2,3,frozen_uniform,3,OPERATOR_SAMPLED,l_mutation,support systems,47df1ca9e64a4e4da00bf7fdd08d5cbc,110,0.3,False,top500,False,34edaf7114c4140b,True,False,1,mediator,64134,False,coordinator,1721
ea_llm_self_adaptive_api_1390_run1_20260720_144938.json,api,ea_llm_self_adaptive,1390,pantry,solved,bd9f2858283673a2,3,frozen_uniform,3,OPERATOR_SAMPLED,s_mutation,private spaces,057a4ed2a5ad418e87b6357ea4d9b4c8,119,0.7,False,top500,False,994fa4b318ae1ed2,True,False,1,space,253,False,space,253
ea_llm_self_adaptive_api_1390_run1_20260720_144938.json,api,ea_llm_self_adaptive,1390,pantry,solved,bd9f2858283673a2,3,frozen_uniform,3,OPERATOR_SAMPLED,ml_mutation,furniture,ceabdfb5be3945afa7ff873d16603a28,126,0.3,False,beyond,False,,False,False,1,bench,785,False,chest,107
ea_llm_self_adaptive_api_1390_run1_20260720_144938.json,api,ea_llm_self_adaptive,1390,pantry,solved,bd9f2858283673a2,3,frozen_uniform,3,CROSSOVER,crossover,material_resources,79e6eb30442e418c86426f0ff4169b1e;4471ef0cd6ee497d80f62d6c1f74a33e,5,0.2,False,beyond,False,,False,False,1,grain,543,False,grain,543
ea_llm_self_adaptive_api_1390_run1_20260720_144938.json,api,ea_llm_self_adaptive,1390,pantry,solved,bd9f2858283673a2,3,frozen_uniform,4,OPERATOR_SAMPLED,s_mutation,private storage areas,41516f17a0e14e94bd57618ab6c4f609,2,0.7,False,top500,False,9c531f2d81d8cdcb,True,False,1,alcove,96,False,pantry,1
ea_llm_self_adaptive_api_1390_run1_20260720_162708.json,api,ea_llm_self_adaptive,1390,pantry,solved,bd9f2858283673a2,3,frozen_uniform,1,OPERATOR_SAMPLED,ml_mutation,building features,4fbda8f1394e4c9c912bb82364dea47d,46,0.5,False,top500,False,,False,False,1,window,196,False,floor,32
ea_llm_self_adaptive_api_1390_run1_20260720_162708.json,api,ea_llm_self_adaptive,1390,pantry,solved,bd9f2858283673a2,3,frozen_uniform,1,OPERATOR_SAMPLED,l_mutation,nutritional components,63d3f6813cd4469ea04e7c745d24734b,103,0.3,False,top500,False,,False,False,2,grain,543,False,meal,13
ea_llm_self_adaptive_api_1390_run1_20260720_162708.json,api,ea_llm_self_adaptive,1390,pantry,solved,bd9f2858283673a2,3,frozen_uniform,1,OPERATOR_SAMPLED,s_mutation,leisurely movements,cb707b7b96ab4068b51da7ff0ca18197,528,0.3,False,top500,False,,False,False,1,stroll,8711,False,tread,5752
ea_llm_self_adaptive_api_1390_run1_20260720_162708.json,api,ea_llm_self_adaptive,1390,pantry,solved,bd9f2858283673a2,3,frozen_uniform,1,OPERATOR_SAMPLED,l_mutation,protective coverings,a78807e7e55441e7a14c14717b9b0f6d,541,0.6,False,top500,False,,False,False,1,cover,1075,False,cover,1075
ea_llm_self_adaptive_api_1390_run1_20260720_162708.json,api,ea_llm_self_adaptive,1390,pantry,solved,bd9f2858283673a2,3,frozen_uniform,1,OPERATOR_SAMPLED,m_mutation,cat physical traits,2f9979c0c05842428d55243a931bff0e,789,0.4,False,top500,False,,False,False,1,claw,1685,False,paw,651
ea_llm_self_adaptive_api_1390_run1_20260720_162708.json,api,ea_llm_self_adaptive,1390,pantry,solved,bd9f2858283673a2,3,frozen_uniform,1,CROSSOVER,crossover,components,9ff179e687c54d77b8ea585d21be1124;c325187bcbbf4403baf9b30cbb80f1b6,13,0.6,False,top500,False,,False,False,4,component,6909,False,part,3183
ea_llm_self_adaptive_api_1390_run1_20260720_162708.json,api,ea_llm_self_adaptive,1390,pantry,solved,bd9f2858283673a2,3,frozen_uniform,2,OPERATOR_SAMPLED,m_mutation,social gatherings around eating,9ff179e687c54d77b8ea585d21be1124,13,0.4,False,top500,False,64504687d428e247,True,False,2,feast,171,False,banquet,121
ea_llm_self_adaptive_api_1390_run1_20260720_162708.json,api,ea_llm_self_adaptive,1390,pantry,solved,bd9f2858283673a2,3,frozen_uniform,2,OPERATOR_SAMPLED,l_mutation,terrain characteristics,c325187bcbbf4403baf9b30cbb80f1b6,32,0.5,False,top500,False,79eb0744eeab74c2,True,False,1,surface,10472,False,surface,10472
ea_llm_self_adaptive_api_1390_run1_20260720_162708.json,api,ea_llm_self_adaptive,1390,pantry,solved,bd9f2858283673a2,3,frozen_uniform,2,OPERATOR_SAMPLED,m_mutation,access points,4fbda8f1394e4c9c912bb82364dea47d,46,0.4,False,top500,False,,False,False,1,entrance,622,False,entrance,622
ea_llm_self_adaptive_api_1390_run1_20260720_162708.json,api,ea_llm_self_adaptive,1390,pantry,solved,bd9f2858283673a2,3,frozen_uniform,2,OPERATOR_SAMPLED,ml_mutation,cooking methods,63d3f6813cd4469ea04e7c745d24734b,103,0.4,False,top500,False,,False,False,1,bake,326,False,bake,326
ea_llm_self_adaptive_api_1390_run1_20260720_162708.json,api,ea_llm_self_adaptive,1390,pantry,solved,bd9f2858283673a2,3,frozen_uniform,2,OPERATOR_SAMPLED,s_mutation,coordinated clothing,a78807e7e55441e7a14c14717b9b0f6d,513,0.6,False,top500,False,,False,False,1,suit,6232,False,set,5216
ea_llm_self_adaptive_api_1390_run1_20260720_162708.json,api,ea_llm_self_adaptive,1390,pantry,solved,bd9f2858283673a2,3,frozen_uniform,2,CROSSOVER,crossover,structural_components,9ff179e687c54d77b8ea585d21be1124;c325187bcbbf4403baf9b30cbb80f1b6,13,0.3,False,top500,False,,False,False,6,component,6909,False,part,3183
ea_llm_self_adaptive_api_1390_run1_20260720_162708.json,api,ea_llm_self_adaptive,1390,pantry,solved,bd9f2858283673a2,3,frozen_uniform,3,OPERATOR_SAMPLED,l_mutation,behavioral patterns,9ff179e687c54d77b8ea585d21be1124,13,0.3,False,top500,False,64504687d428e247,True,False,1,habit,3253,False,habit,3253
ea_llm_self_adaptive_api_1390_run1_20260720_162708.json,api,ea_llm_self_adaptive,1390,pantry,solved,bd9f2858283673a2,3,frozen_uniform,3,OPERATOR_SAMPLED,ml_mutation,building materials,c325187bcbbf4403baf9b30cbb80f1b6,32,0.3,False,top500,False,79eb0744eeab74c2,True,False,1,concrete,4090,False,wood,640
ea_llm_self_adaptive_api_1390_run1_20260720_162708.json,api,ea_llm_self_adaptive,1390,pantry,solved,bd9f2858283673a2,3,frozen_uniform,3,OPERATOR_SAMPLED,m_mutation,entry and barrier concepts,4fbda8f1394e4c9c912bb82364dea47d,46,0.4,False,beyond,False,,False,False,1,barrier,10326,False,opening,1017
ea_llm_self_adaptive_api_1390_run1_20260720_162708.json,api,ea_llm_self_adaptive,1390,pantry,solved,bd9f2858283673a2,3,frozen_uniform,3,OPERATOR_SAMPLED,l_mutation,thermal properties,63d3f6813cd4469ea04e7c745d24734b,54,0.4,False,top500,False,,False,False,1,heat,4456,False,heat,4456
ea_llm_self_adaptive_api_1390_run1_20260720_162708.json,api,ea_llm_self_adaptive,1390,pantry,solved,bd9f2858283673a2,3,frozen_uniform,3,OPERATOR_SAMPLED,m_mutation,daily rituals involving evening meals,bff673e8bf1548b59e4c620dfc3de68f,94,0.4,False,top500,False,79901dfe9e2f8ccb,True,False,1,ritual,11199,False,evening,885
ea_llm_self_adaptive_api_1390_run1_20260720_162708.json,api,ea_llm_self_adaptive,1390,pantry,solved,bd9f2858283673a2,3,frozen_uniform,3,CROSSOVER,crossover,structural_nutrients,9ff179e687c54d77b8ea585d21be1124;c325187bcbbf4403baf9b30cbb80f1b6,13,0.4,False,top500,False,,False,False,6,component,6909,False,material,2737
ea_llm_self_adaptive_api_1390_run1_20260720_162708.json,api,ea_llm_self_adaptive,1390,pantry,solved,bd9f2858283673a2,3,frozen_uniform,4,OPERATOR_SAMPLED,m_mutation,quantitative aspects,9ff179e687c54d77b8ea585d21be1124,13,0.3,False,top100,False,64504687d428e247,True,False,1,unit,409,False,serving,206
ea_llm_self_adaptive_api_1390_run1_20260720_162708.json,api,ea_llm_self_adaptive,1390,pantry,solved,bd9f2858283673a2,3,frozen_uniform,4,OPERATOR_SAMPLED,s_mutation,flooring elements,c325187bcbbf4403baf9b30cbb80f1b6,32,0.6,False,top500,False,79eb0744eeab74c2,True,False,1,deck,1956,False,deck,1956
ea_llm_self_adaptive_api_1390_run1_20260720_162708.json,api,ea_llm_self_adaptive,1390,pantry,solved,bd9f2858283673a2,3,frozen_uniform,4,OPERATOR_SAMPLED,m_mutation,door mechanics,4fbda8f1394e4c9c912bb82364dea47d,46,0.4,False,top500,False,,False,False,1,hinge,1489,False,latch,1297
ea_llm_self_adaptive_api_1390_run1_20260720_162708.json,api,ea_llm_self_adaptive,1390,pantry,solved,bd9f2858283673a2,3,frozen_uniform,4,OPERATOR_SAMPLED,s_mutation,broth-based foods,63d3f6813cd4469ea04e7c745d24734b,54,0.7,False,top500,False,,False,False,1,broth,1011,False,stew,369
ea_llm_self_adaptive_api_1390_run1_20260720_162708.json,api,ea_llm_self_adaptive,1390,pantry,solved,bd9f2858283673a2,3,frozen_uniform,4,OPERATOR_SAMPLED,m_mutation,supper as a dining activity,bff673e8bf1548b59e4c620dfc3de68f,94,0.4,False,top500,False,79901dfe9e2f8ccb,True,False,1,dine,51,False,dine,51
ea_llm_self_adaptive_api_1390_run1_20260720_162708.json,api,ea_llm_self_adaptive,1390,pantry,solved,bd9f2858283673a2,3,frozen_uniform,4,CROSSOVER,crossover,structural_nutrition,9ff179e687c54d77b8ea585d21be1124;c325187bcbbf4403baf9b30cbb80f1b6,13,0.3,False,beyond,False,,False,False,3,staple,606,False,grain,543
ea_llm_self_adaptive_api_1390_run1_20260720_162708.json,api,ea_llm_self_adaptive,1390,pantry,solved,bd9f2858283673a2,3,frozen_uniform,5,OPERATOR_SAMPLED,l_mutation,domestic environments,4fbda8f1394e4c9c912bb82364dea47d,6,0.4,False,top500,False,,False,False,1,residence,2841,False,living,89
ea_llm_self_adaptive_api_1390_run1_20260720_162708.json,api,ea_llm_self_adaptive,1390,pantry,solved,bd9f2858283673a2,3,frozen_uniform,5,OPERATOR_SAMPLED,m_mutation,meal as structured events,9ff179e687c54d77b8ea585d21be1124,13,0.4,False,top500,False,64504687d428e247,True,False,1,course,10256,False,unit,409
ea_llm_self_adaptive_api_1390_run1_20260720_162708.json,api,ea_llm_self_adaptive,1390,pantry,solved,bd9f2858283673a2,3,frozen_uniform,5,OPERATOR_SAMPLED,m_mutation,structural levels,c325187bcbbf4403baf9b30cbb80f1b6,32,0.4,False,top500,False,79eb0744eeab74c2,True,False,1,level,4105,False,level,4105
ea_llm_self_adaptive_api_1390_run1_20260720_162708.json,api,ea_llm_self_adaptive,1390,pantry,solved,bd9f2858283673a2,3,frozen_uniform,5,OPERATOR_SAMPLED,l_mutation,social interactions,c503102c52a84cd0ae61fd86514b4dbc,51,0.4,False,top500,False,785be067cc556ee7,True,False,1,gather,519,False,gather,519
ea_llm_self_adaptive_api_1390_run1_20260720_162708.json,api,ea_llm_self_adaptive,1390,pantry,solved,bd9f2858283673a2,3,frozen_uniform,5,OPERATOR_SAMPLED,l_mutation,culinary processes,63d3f6813cd4469ea04e7c745d24734b,54,0.5,False,top500,False,,False,False,1,cooking,43,False,cooking,43
ea_llm_self_adaptive_api_1390_run1_20260720_162708.json,api,ea_llm_self_adaptive,1390,pantry,solved,bd9f2858283673a2,3,frozen_uniform,5,CROSSOVER,crossover,basic_parts_or_substances,4fbda8f1394e4c9c912bb82364dea47d;9ff179e687c54d77b8ea585d21be1124,6,0.7,False,top100,False,,False,False,3,component,6909,False,material,2737
ea_llm_self_adaptive_api_1390_run1_20260720_162708.json,api,ea_llm_self_adaptive,1390,pantry,solved,bd9f2858283673a2,3,frozen_uniform,6,OPERATOR_SAMPLED,ml_mutation,space descriptors,ec3cf72c79c04b9a8c070ab93c56561c,4,0.4,False,top500,False,9fc104fc05674e0c,True,False,1,descriptor,39098,False,feature,1336
ea_llm_self_adaptive_api_1390_run1_20260720_162708.json,api,ea_llm_self_adaptive,1390,pantry,solved,bd9f2858283673a2,3,frozen_uniform,6,OPERATOR_SAMPLED,ml_mutation,room components,4fbda8f1394e4c9c912bb82364dea47d,6,0.4,False,top500,False,,False,False,1,pillar,6618,False,step,1798
ea_llm_self_adaptive_api_1390_run1_20260720_162708.json,api,ea_llm_self_adaptive,1390,pantry,solved,bd9f2858283673a2,3,frozen_uniform,6,OPERATOR_SAMPLED,m_mutation,meal contexts,9ff179e687c54d77b8ea585d21be1124,13,0.6,False,top500,False,64504687d428e247,True,False,2,table,345,False,table,345
ea_llm_self_adaptive_api_1390_run1_20260720_162708.json,api,ea_llm_self_adaptive,1390,pantry,solved,bd9f2858283673a2,3,frozen_uniform,6,OPERATOR_SAMPLED,s_mutation,structural levels,c325187bcbbf4403baf9b30cbb80f1b6,32,0.7,False,top500,False,79eb0744eeab74c2,True,False,1,tier,1430,False,tier,1430
ea_llm_self_adaptive_api_1390_run1_20260720_162708.json,api,ea_llm_self_adaptive,1390,pantry,solved,bd9f2858283673a2,3,frozen_uniform,6,OPERATOR_SAMPLED,l_mutation,sensory experiences,bfb1cc65c9834e118e2a44277751102c,43,0.3,False,top500,False,2d06f7c3c51f5c5c,True,False,1,sensory,9635,False,flavor,1909
ea_llm_self_adaptive_api_1390_run1_20260720_162708.json,api,ea_llm_self_adaptive,1390,pantry,solved,bd9f2858283673a2,3,frozen_uniform,6,CROSSOVER,crossover,domestic_objects,ec3cf72c79c04b9a8c070ab93c56561c;4fbda8f1394e4c9c912bb82364dea47d,4,0.8,False,top100,False,,False,False,3,chair,581,False,table,345
ea_llm_self_adaptive_api_1390_run1_20260720_162708.json,api,ea_llm_self_adaptive,1390,pantry,solved,bd9f2858283673a2,3,frozen_uniform,7,OPERATOR_SAMPLED,ml_mutation,culinary terms,ec3cf72c79c04b9a8c070ab93c56561c,4,0.5,False,top500,False,9fc104fc05674e0c,True,False,1,stove,76,False,oven,60
ea_llm_self_adaptive_api_1390_run1_20260720_162708.json,api,ea_llm_self_adaptive,1390,pantry,solved,bd9f2858283673a2,3,frozen_uniform,7,OPERATOR_SAMPLED,s_mutation,supporting structures,4fbda8f1394e4c9c912bb82364dea47d,6,0.7,False,top100,False,,False,False,1,ledge,853,False,rack,86
ea_llm_self_adaptive_api_1390_run1_20260720_162708.json,api,ea_llm_self_adaptive,1390,pantry,solved,bd9f2858283673a2,3,frozen_uniform,7,OPERATOR_SAMPLED,ml_mutation,meal-related items,9ff179e687c54d77b8ea585d21be1124,13,0.4,False,top500,False,64504687d428e247,True,False,1,dish,56,False,dish,56
ea_llm_self_adaptive_api_1390_run1_20260720_162708.json,api,ea_llm_self_adaptive,1390,pantry,solved,bd9f2858283673a2,3,frozen_uniform,7,OPERATOR_SAMPLED,l_mutation,natural environments,c325187bcbbf4403baf9b30cbb80f1b6,32,0.4,False,top500,False,79eb0744eeab74c2,True,False,1,nature,3052,False,wildlife,3041
ea_llm_self_adaptive_api_1390_run1_20260720_162708.json,api,ea_llm_self_adaptive,1390,pantry,solved,bd9f2858283673a2,3,frozen_uniform,7,OPERATOR_SAMPLED,ml_mutation,food descriptors,bfb1cc65c9834e118e2a44277751102c,43,0.6,False,top500,False,2d06f7c3c51f5c5c,True,False,1,aroma,12204,False,salty,4985
ea_llm_self_adaptive_api_1390_run1_20260720_162708.json,api,ea_llm_self_adaptive,1390,pantry,solved,bd9f2858283673a2,3,frozen_uniform,7,CROSSOVER,crossover,domestic objects,ec3cf72c79c04b9a8c070ab93c56561c;4fbda8f1394e4c9c912bb82364dea47d,4,0.8,False,top100,False,,False,False,5,table,345,False,table,345
ea_llm_self_adaptive_api_1391_run1_20260720_214320.json,api,ea_llm_self_adaptive,1391,herring,solved,bd9f2858283673a2,3,frozen_uniform,1,OPERATOR_SAMPLED,ml_mutation,food descriptors,767b55495d32488b8b7d38723da056b2,50,0.3,False,top500,False,,False,False,1,salty,197,False,salty,197
ea_llm_self_adaptive_api_1391_run1_20260720_214320.json,api,ea_llm_self_adaptive,1391,herring,solved,bd9f2858283673a2,3,frozen_uniform,1,OPERATOR_SAMPLED,m_mutation,warnings,1266fb108a854291a8ed3ebd4f2b07ac,63,0.7,False,top100,False,,False,False,1,alert,17139,False,caution,8520
ea_llm_self_adaptive_api_1391_run1_20260720_214320.json,api,ea_llm_self_adaptive,1391,herring,solved,bd9f2858283673a2,3,frozen_uniform,1,OPERATOR_SAMPLED,s_mutation,cooking methods,ab54713325e643bd8aa4173f50375025,87,0.6,False,top500,False,,False,False,1,bake,248,False,bake,248
ea_llm_self_adaptive_api_1391_run1_20260720_214320.json,api,ea_llm_self_adaptive,1391,herring,solved,bd9f2858283673a2,3,frozen_uniform,1,OPERATOR_SAMPLED,s_mutation,watercourses,f5d18c4a23be437da09a0c2dfc238b12,393,0.6,False,top500,False,,False,False,1,stream,2034,False,brook,500
ea_llm_self_adaptive_api_1391_run1_20260720_214320.json,api,ea_llm_self_adaptive,1391,herring,solved,bd9f2858283673a2,3,frozen_uniform,1,OPERATOR_SAMPLED,l_mutation,navigation,b164e61fb7774c4fa5f17324c91280b2,509,0.3,False,top500,False,,False,False,1,map,24033,False,route,4002
ea_llm_self_adaptive_api_1391_run1_20260720_214320.json,api,ea_llm_self_adaptive,1391,herring,solved,bd9f2858283673a2,3,frozen_uniform,1,CROSSOVER,crossover,Colorful Foods,767b55495d32488b8b7d38723da056b2;1266fb108a854291a8ed3ebd4f2b07ac,50,0.8,False,top100,False,,False,False,3,blue,380,False,red,63
ea_llm_self_adaptive_api_1391_run1_20260720_214320.json,api,ea_llm_self_adaptive,1391,herring,solved,bd9f2858283673a2,3,frozen_uniform,2,OPERATOR_SAMPLED,l_mutation,aquatic environments,767b55495d32488b8b7d38723da056b2,8,0.3,False,top500,False,,False,False,2,water,424,False,water,424
ea_llm_self_adaptive_api_1391_run1_20260720_214320.json,api,ea_llm_self_adaptive,1391,herring,solved,bd9f2858283673a2,3,frozen_uniform,2,OPERATOR_SAMPLED,ml_mutation,food textures,8ad80f758a4d4815a16d0e73af7d3ec3,30,0.6,False,top100,False,9e35b25d8ae3943f,True,False,1,crunchy,945,False,crunchy,945
ea_llm_self_adaptive_api_1391_run1_20260720_214320.json,api,ea_llm_self_adaptive,1391,herring,solved,bd9f2858283673a2,3,frozen_uniform,2,OPERATOR_SAMPLED,ml_mutation,textures,1266fb108a854291a8ed3ebd4f2b07ac,63,0.3,False,beyond,False,,False,False,1,rough,25112,False,shiny,5758
ea_llm_self_adaptive_api_1391_run1_20260720_214320.json,api,ea_llm_self_adaptive,1391,herring,solved,bd9f2858283673a2,3,frozen_uniform,2,OPERATOR_SAMPLED,ml_mutation,verbs,ab54713325e643bd8aa4173f50375025,87,0.6,False,top100,False,,False,False,1,chop,257,False,slice,162
ea_llm_self_adaptive_api_1391_run1_20260720_214320.json,api,ea_llm_self_adaptive,1391,herring,solved,bd9f2858283673a2,3,frozen_uniform,2,OPERATOR_SAMPLED,l_mutation,transportation systems,f5d18c4a23be437da09a0c2dfc238b12,393,0.5,False,top500,False,,False,False,1,canal,9064,False,route,4002
ea_llm_self_adaptive_api_1391_run1_20260720_214320.json,api,ea_llm_self_adaptive,1391,herring,solved,bd9f2858283673a2,3,frozen_uniform,2,CROSSOVER,crossover,food_preparation_terms,767b55495d32488b8b7d38723da056b2;8ad80f758a4d4815a16d0e73af7d3ec3,8,0.6,False,top500,False,,False,False,2,cook,87,False,cook,87
ea_llm_self_adaptive_api_1391_run1_20260720_214320.json,api,ea_llm_self_adaptive,1391,herring,solved,bd9f2858283673a2,3,frozen_uniform,3,OPERATOR_SAMPLED,l_mutation,fishing tools,767b55495d32488b8b7d38723da056b2,8,0.3,False,top500,False,,False,False,1,hook,976,False,net,807
ea_llm_self_adaptive_api_1391_run1_20260720_214320.json,api,ea_llm_self_adaptive,1391,herring,solved,bd9f2858283673a2,3,frozen_uniform,3,OPERATOR_SAMPLED,s_mutation,liquid heating methods,8ad80f758a4d4815a16d0e73af7d3ec3,30,0.7,False,top100,False,9e35b25d8ae3943f,True,False,1,scald,12377,False,blanch,1785
ea_llm_self_adaptive_api_1391_run1_20260720_214320.json,api,ea_llm_self_adaptive,1391,herring,solved,bd9f2858283673a2,3,frozen_uniform,3,OPERATOR_SAMPLED,l_mutation,settings,ab54713325e643bd8aa4173f50375025,87,0.3,False,top500,False,,False,False,2,environment,28656,False,location,15096
ea_llm_self_adaptive_api_1391_run1_20260720_214320.json,api,ea_llm_self_adaptive,1391,herring,solved,bd9f2858283673a2,3,frozen_uniform,3,OPERATOR_SAMPLED,s_mutation,precision cutting actions,3e3c9e30697f42c68c9f3488c95bab85,162,0.7,False,top500,False,8caf4707d7ef09f6,True,False,1,dice,340,False,dice,340
ea_llm_self_adaptive_api_1391_run1_20260720_214320.json,api,ea_llm_self_adaptive,1391,herring,solved,bd9f2858283673a2,3,frozen_uniform,3,OPERATOR_SAMPLED,ml_mutation,hydrology,f5d18c4a23be437da09a0c2dfc238b12,393,0.6,False,top500,False,,False,False,1,flow,8317,False,flow,8317
ea_llm_self_adaptive_api_1391_run1_20260720_214320.json,api,ea_llm_self_adaptive,1391,herring,solved,bd9f2858283673a2,3,frozen_uniform,3,CROSSOVER,crossover,cooking_actions,767b55495d32488b8b7d38723da056b2;8ad80f758a4d4815a16d0e73af7d3ec3,8,0.3,False,beyond,False,,False,False,3,cook,87,False,cook,87
ea_llm_self_adaptive_api_1391_run1_20260720_214320.json,api,ea_llm_self_adaptive,1391,herring,solved,bd9f2858283673a2,3,frozen_uniform,4,OPERATOR_SAMPLED,s_mutation,seafood,767b55495d32488b8b7d38723da056b2,8,0.7,False,top100,False,,False,False,1,crab,23,False,salmon,4
ea_llm_self_adaptive_api_1391_run1_20260720_214320.json,api,ea_llm_self_adaptive,1391,herring,solved,bd9f2858283673a2,3,frozen_uniform,4,OPERATOR_SAMPLED,l_mutation,thermal processes,8ad80f758a4d4815a16d0e73af7d3ec3,30,0.3,False,beyond,False,9e35b25d8ae3943f,True,False,1,heat,20819,False,evaporate,12829
ea_llm_self_adaptive_api_1391_run1_20260720_214320.json,api,ea_llm_self_adaptive,1391,herring,solved,bd9f2858283673a2,3,frozen_uniform,4,OPERATOR_SAMPLED,ml_mutation,kitchen tools,ab54713325e643bd8aa4173f50375025,87,0.4,False,top500,False,,False,False,1,pan,10612,False,pan,10612
ea_llm_self_adaptive_api_1391_run1_20260720_214320.json,api,ea_llm_self_adaptive,1391,herring,solved,bd9f2858283673a2,3,frozen_uniform,4,OPERATOR_SAMPLED,m_mutation,physical characteristics of a slice,3e3c9e30697f42c68c9f3488c95bab85,162,0.5,False,top500,False,8caf4707d7ef09f6,True,False,1,thin,4818,False,sliver,226
ea_llm_self_adaptive_api_1391_run1_20260720_214320.json,api,ea_llm_self_adaptive,1391,herring,solved,bd9f2858283673a2,3,frozen_uniform,4,OPERATOR_SAMPLED,m_mutation,decomposition,f5d18c4a23be437da09a0c2dfc238b12,207,0.4,False,top500,False,,False,False,1,fungus,5689,False,fungus,5689
ea_llm_self_adaptive_api_1391_run1_20260720_214320.json,api,ea_llm_self_adaptive,1391,herring,solved,bd9f2858283673a2,3,frozen_uniform,4,CROSSOVER,crossover,seafood food,24e91170b4fd4f7da9e52b747a1a4451;767b55495d32488b8b7d38723da056b2,4,0.1,False,beyond,False,,False,False,4,crab,23,False,salmon,4
ea_llm_self_adaptive_api_1391_run1_20260720_214320.json,api,ea_llm_self_adaptive,1391,herring,solved,bd9f2858283673a2,3,frozen_uniform,5,OPERATOR_SAMPLED,s_mutation,specific salmon relatives,24e91170b4fd4f7da9e52b747a1a4451,4,0.7,False,top100,False,9d133f355134dfbf,True,False,1,trout,10,False,trout,10
ea_llm_self_adaptive_api_1391_run1_20260720_214320.json,api,ea_llm_self_adaptive,1391,herring,solved,bd9f2858283673a2,3,frozen_uniform,5,OPERATOR_SAMPLED,s_mutation,boiling techniques,8ad80f758a4d4815a16d0e73af7d3ec3,30,0.7,False,top100,False,9e35b25d8ae3943f,True,False,1,scorch,40747,False,scald,12377
ea_llm_self_adaptive_api_1391_run1_20260720_214320.json,api,ea_llm_self_adaptive,1391,herring,solved,bd9f2858283673a2,3,frozen_uniform,5,OPERATOR_SAMPLED,ml_mutation,professions,ab54713325e643bd8aa4173f50375025,87,0.4,False,top500,False,,False,False,1,chef,7185,False,baker,5054
ea_llm_self_adaptive_api_1391_run1_20260720_214320.json,api,ea_llm_self_adaptive,1391,herring,solved,bd9f2858283673a2,3,frozen_uniform,5,OPERATOR_SAMPLED,ml_mutation,texture descriptors,3e3c9e30697f42c68c9f3488c95bab85,162,0.6,False,top500,False,8caf4707d7ef09f6,True,False,1,smooth,34132,False,juicy,4178
ea_llm_self_adaptive_api_1391_run1_20260720_214320.json,api,ea_llm_self_adaptive,1391,herring,solved,bd9f2858283673a2,3,frozen_uniform,5,OPERATOR_SAMPLED,ml_mutation,food texture descriptors,cdbfbf2f0c274ee7933c517a38e83d92,205,0.6,False,top500,False,54019d8eff666dd6,True,False,1,spongy,23447,False,tough,12038
ea_llm_self_adaptive_api_1391_run1_20260720_214320.json,api,ea_llm_self_adaptive,1391,herring,solved,bd9f2858283673a2,3,frozen_uniform,5,CROSSOVER,crossover,salmon_relatives_and_seafood,24e91170b4fd4f7da9e52b747a1a4451;44ca8522fa4f470fb9742758f0c4debb,4,0.1,False,beyond,False,,False,False,3,salmon,4,False,salmon,4
ea_llm_self_adaptive_api_1391_run1_20260720_214320.json,api,ea_llm_self_adaptive,1391,herring,solved,bd9f2858283673a2,3,frozen_uniform,6,OPERATOR_SAMPLED,m_mutation,migration patterns,24e91170b4fd4f7da9e52b747a1a4451,4,0.4,False,top500,False,9d133f355134dfbf,True,False,1,migrate,876,False,spawn,59
ea_llm_self_adaptive_api_1391_run1_20260720_214320.json,api,ea_llm_self_adaptive,1391,herring,solved,bd9f2858283673a2,3,frozen_uniform,6,OPERATOR_SAMPLED,l_mutation,thermal environments,8ad80f758a4d4815a16d0e73af7d3ec3,30,0.4,False,top500,False,9e35b25d8ae3943f,True,False,1,thermal,29085,False,thermal,29085
ea_llm_self_adaptive_api_1391_run1_20260720_214320.json,api,ea_llm_self_adaptive,1391,herring,solved,bd9f2858283673a2,3,frozen_uniform,6,OPERATOR_SAMPLED,l_mutation,rituals,ab54713325e643bd8aa4173f50375025,87,0.3,False,beyond,False,,False,False,1,ritual,30544,False,tradition,7251
ea_llm_self_adaptive_api_1391_run1_20260720_214320.json,api,ea_llm_self_adaptive,1391,herring,solved,bd9f2858283673a2,3,frozen_uniform,6,OPERATOR_SAMPLED,ml_mutation,tools_used_for_actions,3e3c9e30697f42c68c9f3488c95bab85,162,0.7,False,top500,False,8caf4707d7ef09f6,True,False,1,blade,45108,False,mallet,6197
ea_llm_self_adaptive_api_1391_run1_20260720_214320.json,api,ea_llm_self_adaptive,1391,herring,solved,bd9f2858283673a2,3,frozen_uniform,6,OPERATOR_SAMPLED,ml_mutation,texture of food items,cdbfbf2f0c274ee7933c517a38e83d92,205,0.4,False,top500,False,54019d8eff666dd6,True,False,1,spongy,23447,False,flaky,854
ea_llm_self_adaptive_api_1391_run1_20260720_214320.json,api,ea_llm_self_adaptive,1391,herring,solved,bd9f2858283673a2,3,frozen_uniform,6,CROSSOVER,crossover,Seafood Preparation Methods,24e91170b4fd4f7da9e52b747a1a4451;8ad80f758a4d4815a16d0e73af7d3ec3,4,0.7,False,top500,False,,False,False,8,boil,30,False,boil,30
ea_llm_self_adaptive_api_1391_run1_20260720_214320.json,api,ea_llm_self_adaptive,1391,herring,solved,bd9f2858283673a2,3,frozen_uniform,7,OPERATOR_SAMPLED,ml_mutation,food textures,24e91170b4fd4f7da9e52b747a1a4451,2,0.6,False,top100,False,9d133f355134dfbf,True,False,1,juicy,4178,False,flaky,854
ea_llm_self_adaptive_api_1391_run1_20260720_214320.json,api,ea_llm_self_adaptive,1391,herring,solved,bd9f2858283673a2,3,frozen_uniform,7,OPERATOR_SAMPLED,m_mutation,thermal phenomena related to boiling,8ad80f758a4d4815a16d0e73af7d3ec3,30,0.5,False,top500,False,9e35b25d8ae3943f,True,False,1,vapor,32624,False,bubble,4795
ea_llm_self_adaptive_api_1391_run1_20260720_214320.json,api,ea_llm_self_adaptive,1391,herring,solved,bd9f2858283673a2,3,frozen_uniform,7,OPERATOR_SAMPLED,s_mutation,spawning behavior,a2d0df696a5c4f61bca1c53ce33fb3d5,59,0.7,False,top100,False,642d7e758e778141,True,False,1,egg,81,False,egg,81
ea_llm_self_adaptive_api_1391_run1_20260720_214320.json,api,ea_llm_self_adaptive,1391,herring,solved,bd9f2858283673a2,3,frozen_uniform,7,OPERATOR_SAMPLED,ml_mutation,ingredients,ab54713325e643bd8aa4173f50375025,87,0.4,False,beyond,False,,False,False,1,salt,70,False,salt,70
ea_llm_self_adaptive_api_1391_run1_20260720_214320.json,api,ea_llm_self_adaptive,1391,herring,solved,bd9f2858283673a2,3,frozen_uniform,7,OPERATOR_SAMPLED,ml_mutation,textural adjectives,3e3c9e30697f42c68c9f3488c95bab85,162,0.3,False,top500,False,8caf4707d7ef09f6,True,False,1,soggy,1703,False,sour,775
ea_llm_self_adaptive_api_1391_run1_20260720_214320.json,api,ea_llm_self_adaptive,1391,herring,solved,bd9f2858283673a2,3,frozen_uniform,7,CROSSOVER,crossover,seafood_preparation_methods,24e91170b4fd4f7da9e52b747a1a4451;8ad80f758a4d4815a16d0e73af7d3ec3,2,0.8,False,top100,False,,False,False,4,boil,30,False,boil,30
ea_llm_self_adaptive_api_1391_run1_20260720_223127.json,api,ea_llm_self_adaptive,1391,herring,solved,bd9f2858283673a2,3,frozen_uniform,1,OPERATOR_SAMPLED,ml_mutation,aquatic animals,35e0da12ff6f44e69e97846d05d3b240,8,0.4,False,top500,False,,False,False,1,shark,104,False,octopus,64
ea_llm_self_adaptive_api_1391_run1_20260720_223127.json,api,ea_llm_self_adaptive,1391,herring,solved,bd9f2858283673a2,3,frozen_uniform,1,OPERATOR_SAMPLED,l_mutation,emotions,ad4322bbc14949fcbc45d688bee17297,63,0.3,False,beyond,False,,False,False,1,fear,5498,False,fear,5498
ea_llm_self_adaptive_api_1391_run1_20260720_223127.json,api,ea_llm_self_adaptive,1391,herring,solved,bd9f2858283673a2,3,frozen_uniform,1,OPERATOR_SAMPLED,s_mutation,avian,cc95e38f1f7c48fcaf22e789701c8c8c,509,0.6,False,top500,False,,False,False,1,fowl,254,False,fowl,254
ea_llm_self_adaptive_api_1391_run1_20260720_223127.json,api,ea_llm_self_adaptive,1391,herring,solved,bd9f2858283673a2,3,frozen_uniform,1,OPERATOR_SAMPLED,l_mutation,tools,45c04b1543c34eb5a785dda6ef3b2142,2027,0.2,False,beyond,False,,False,False,1,wrench,32361,False,wrench,32361
ea_llm_self_adaptive_api_1391_run1_20260720_223127.json,api,ea_llm_self_adaptive,1391,herring,solved,bd9f2858283673a2,3,frozen_uniform,1,OPERATOR_SAMPLED,m_mutation,celestial cycles,7a9d395307c7453ebd12bf28dd19be05,2400,0.3,False,beyond,False,,False,False,1,era,17348,False,cycle,13931
ea_llm_self_adaptive_api_1391_run1_20260720_223127.json,api,ea_llm_self_adaptive,1391,herring,solved,bd9f2858283673a2,3,frozen_uniform,1,CROSSOVER,crossover,color_food_overlap,35e0da12ff6f44e69e97846d05d3b240;ad4322bbc14949fcbc45d688bee17297,8,0.2,False,beyond,False,,False,False,3,orange,510,False,apple,214
ea_llm_self_adaptive_api_1391_run1_20260720_223127.json,api,ea_llm_self_adaptive,1391,herring,solved,bd9f2858283673a2,3,frozen_uniform,2,OPERATOR_SAMPLED,m_mutation,fishing activities,35e0da12ff6f44e69e97846d05d3b240,8,0.4,False,top500,False,,False,False,1,cast,3147,False,net,807
ea_llm_self_adaptive_api_1391_run1_20260720_223127.json,api,ea_llm_self_adaptive,1391,herring,solved,bd9f2858283673a2,3,frozen_uniform,2,OPERATOR_SAMPLED,l_mutation,thermal phenomena,ad4322bbc14949fcbc45d688bee17297,63,0.3,False,top500,False,,False,False,1,fire,12686,False,flame,11864
ea_llm_self_adaptive_api_1391_run1_20260720_223127.json,api,ea_llm_self_adaptive,1391,herring,solved,bd9f2858283673a2,3,frozen_uniform,2,OPERATOR_SAMPLED,m_mutation,invertebrates,462609bbffc542e9b76538fb699d26c2,64,0.6,False,top100,False,b3239ff716cd00d3,True,False,1,invertebrate,810,False,invertebrate,810
ea_llm_self_adaptive_api_1391_run1_20260720_223127.json,api,ea_llm_self_adaptive,1391,herring,solved,bd9f2858283673a2,3,frozen_uniform,2,OPERATOR_SAMPLED,ml_mutation,animal features,f14242be85d24f95bd8b54e31bfc2bbc,254,0.4,False,top500,False,58cca9115b39d6ee,True,False,1,feather,262,False,feather,262
ea_llm_self_adaptive_api_1391_run1_20260720_223127.json,api,ea_llm_self_adaptive,1391,herring,solved,bd9f2858283673a2,3,frozen_uniform,2,OPERATOR_SAMPLED,s_mutation,internal organs,45c04b1543c34eb5a785dda6ef3b2142,451,0.7,False,top500,False,,False,False,1,kidney,1681,False,kidney,1681
ea_llm_self_adaptive_api_1391_run1_20260720_223127.json,api,ea_llm_self_adaptive,1391,herring,solved,bd9f2858283673a2,3,frozen_uniform,2,CROSSOVER,crossover,color foods,35e0da12ff6f44e69e97846d05d3b240;ad4322bbc14949fcbc45d688bee17297,8,0.3,False,beyond,False,,False,False,3,orange,510,False,rice,229
ea_llm_self_adaptive_api_1391_run1_20260720_223127.json,api,ea_llm_self_adaptive,1391,herring,solved,bd9f2858283673a2,3,frozen_uniform,3,OPERATOR_SAMPLED,l_mutation,water movements,35e0da12ff6f44e69e97846d05d3b240,8,0.4,False,top500,False,,False,False,2,current,9935,False,tide,1914
ea_llm_self_adaptive_api_1391_run1_20260720_223127.json,api,ea_llm_self_adaptive,1391,herring,solved,bd9f2858283673a2,3,frozen_uniform,3,OPERATOR_SAMPLED,ml_mutation,trapping methods,73ff6e83dbc746d392a8628cfae3c539,14,0.6,False,top100,False,af965cbdbcc824b5,True,False,1,trap,415,False,lure,167
ea_llm_self_adaptive_api_1391_run1_20260720_223127.json,api,ea_llm_self_adaptive,1391,herring,solved,bd9f2858283673a2,3,frozen_uniform,3,OPERATOR_SAMPLED,m_mutation,serpentine organisms,462609bbffc542e9b76538fb699d26c2,16,0.3,False,top500,False,b3239ff716cd00d3,True,False,1,serpent,7206,False,eel,16
ea_llm_self_adaptive_api_1391_run1_20260720_223127.json,api,ea_llm_self_adaptive,1391,herring,solved,bd9f2858283673a2,3,frozen_uniform,3,OPERATOR_SAMPLED,l_mutation,materials,ad4322bbc14949fcbc45d688bee17297,63,0.3,False,top500,False,,False,False,1,metal,36071,False,mineral,3575
ea_llm_self_adaptive_api_1391_run1_20260720_223127.json,api,ea_llm_self_adaptive,1391,herring,solved,bd9f2858283673a2,3,frozen_uniform,3,OPERATOR_SAMPLED,m_mutation,visual design elements,d2c5e18c66de4f41b4a957eb19f98d84,174,0.3,False,beyond,False,d65cb6798daeb0e7,True,False,1,pattern,8670,False,line,2673
ea_llm_self_adaptive_api_1391_run1_20260720_223127.json,api,ea_llm_self_adaptive,1391,herring,solved,bd9f2858283673a2,3,frozen_uniform,3,CROSSOVER,crossover,fishing_food,35e0da12ff6f44e69e97846d05d3b240;73ff6e83dbc746d392a8628cfae3c539,8,0.5,False,top500,False,,False,False,3,fish,8,False,fish,8
ea_llm_self_adaptive_api_1391_run1_20260720_223127.json,api,ea_llm_self_adaptive,1391,herring,solved,bd9f2858283673a2,3,frozen_uniform,4,OPERATOR_SAMPLED,m_mutation,aquatic environments,35e0da12ff6f44e69e97846d05d3b240,8,0.6,False,top100,False,,False,False,1,ocean,1476,False,reef,958
ea_llm_self_adaptive_api_1391_run1_20260720_223127.json,api,ea_llm_self_adaptive,1391,herring,solved,bd9f2858283673a2,3,frozen_uniform,4,OPERATOR_SAMPLED,s_mutation,fishing lures and bait methods,73ff6e83dbc746d392a8628cfae3c539,14,0.8,False,top100,False,af965cbdbcc824b5,True,False,2,lure,167,False,fly,161
ea_llm_self_adaptive_api_1391_run1_20260720_223127.json,api,ea_llm_self_adaptive,1391,herring,solved,bd9f2858283673a2,3,frozen_uniform,4,OPERATOR_SAMPLED,m_mutation,creatures that burrow,462609bbffc542e9b76538fb699d26c2,16,0.4,False,top500,False,b3239ff716cd00d3,True,False,1,burrow,1351,False,mud,1060
ea_llm_self_adaptive_api_1391_run1_20260720_223127.json,api,ea_llm_self_adaptive,1391,herring,solved,bd9f2858283673a2,3,frozen_uniform,4,OPERATOR_SAMPLED,s_mutation,filamentous organisms,a956532bda4b4c918bed0e5984d3a022,16,0.3,False,top500,False,f844a31b00046665,True,False,1,filament,40423,False,ribbon,3911
ea_llm_self_adaptive_api_1391_run1_20260720_223127.json,api,ea_llm_self_adaptive,1391,herring,solved,bd9f2858283673a2,3,frozen_uniform,4,OPERATOR_SAMPLED,m_mutation,danger signals,ad4322bbc14949fcbc45d688bee17297,63,0.3,False,top500,False,,False,False,1,danger,6927,False,danger,6927
ea_llm_self_adaptive_api_1391_run1_20260720_223127.json,api,ea_llm_self_adaptive,1391,herring,solved,bd9f2858283673a2,3,frozen_uniform,4,CROSSOVER,crossover,fishing_food,35e0da12ff6f44e69e97846d05d3b240;73ff6e83dbc746d392a8628cfae3c539,8,0.5,False,top500,False,,False,False,3,bait,14,False,fish,8
ea_llm_self_adaptive_api_1391_run1_20260720_223127.json,api,ea_llm_self_adaptive,1391,herring,solved,bd9f2858283673a2,3,frozen_uniform,5,OPERATOR_SAMPLED,l_mutation,environmental sustainability,35e0da12ff6f44e69e97846d05d3b240,8,0.3,False,top500,False,,False,False,1,sustainability,8709,False,sustainability,8709
ea_llm_self_adaptive_api_1391_run1_20260720_223127.json,api,ea_llm_self_adaptive,1391,herring,solved,bd9f2858283673a2,3,frozen_uniform,5,OPERATOR_SAMPLED,m_mutation,deceptive tactics,73ff6e83dbc746d392a8628cfae3c539,14,0.2,False,beyond,False,af965cbdbcc824b5,True,False,1,deceive,12442,False,trick,3278
ea_llm_self_adaptive_api_1391_run1_20260720_223127.json,api,ea_llm_self_adaptive,1391,herring,solved,bd9f2858283673a2,3,frozen_uniform,5,OPERATOR_SAMPLED,m_mutation,elongated forms,462609bbffc542e9b76538fb699d26c2,16,0.6,False,top100,False,b3239ff716cd00d3,True,False,1,slender,12030,False,narrow,6717
ea_llm_self_adaptive_api_1391_run1_20260720_223127.json,api,ea_llm_self_adaptive,1391,herring,solved,bd9f2858283673a2,3,frozen_uniform,5,OPERATOR_SAMPLED,l_mutation,undulating motion,a956532bda4b4c918bed0e5984d3a022,16,0.4,False,top500,False,f844a31b00046665,True,False,1,twist,1126,False,twist,1126
ea_llm_self_adaptive_api_1391_run1_20260720_223127.json,api,ea_llm_self_adaptive,1391,herring,solved,bd9f2858283673a2,3,frozen_uniform,5,OPERATOR_SAMPLED,l_mutation,symbols,ad4322bbc14949fcbc45d688bee17297,63,0.3,False,beyond,False,,False,False,1,symbol,20698,False,symbol,20698
ea_llm_self_adaptive_api_1391_run1_20260720_223127.json,api,ea_llm_self_adaptive,1391,herring,solved,bd9f2858283673a2,3,frozen_uniform,5,CROSSOVER,crossover,fishing_food,35e0da12ff6f44e69e97846d05d3b240;73ff6e83dbc746d392a8628cfae3c539,8,0.3,False,beyond,False,,False,False,2,fish,8,False,fish,8
ea_llm_self_adaptive_api_1391_run1_20260720_223127.json,api,ea_llm_self_adaptive,1391,herring,solved,bd9f2858283673a2,3,frozen_uniform,6,OPERATOR_SAMPLED,ml_mutation,food,462609bbffc542e9b76538fb699d26c2,4,0.5,False,top500,False,b3239ff716cd00d3,True,False,1,wheat,1464,False,mushroom,207
ea_llm_self_adaptive_api_1391_run1_20260720_223127.json,api,ea_llm_self_adaptive,1391,herring,solved,bd9f2858283673a2,3,frozen_uniform,6,OPERATOR_SAMPLED,ml_mutation,fishing equipment,35e0da12ff6f44e69e97846d05d3b240,8,0.7,False,top100,False,,False,False,2,lure,167,False,lure,167
ea_llm_self_adaptive_api_1391_run1_20260720_223127.json,api,ea_llm_self_adaptive,1391,herring,solved,bd9f2858283673a2,3,frozen_uniform,6,OPERATOR_SAMPLED,m_mutation,wriggling organisms,a956532bda4b4c918bed0e5984d3a022,16,0.4,False,top500,False,f844a31b00046665,True,False,1,slither,10272,False,wriggle,1164
ea_llm_self_adaptive_api_1391_run1_20260720_223127.json,api,ea_llm_self_adaptive,1391,herring,solved,bd9f2858283673a2,3,frozen_uniform,6,OPERATOR_SAMPLED,s_mutation,deep red shades,ad4322bbc14949fcbc45d688bee17297,63,0.6,False,top500,False,,False,False,1,scarlet,873,False,scarlet,873
ea_llm_self_adaptive_api_1391_run1_20260720_223127.json,api,ea_llm_self_adaptive,1391,herring,solved,bd9f2858283673a2,3,frozen_uniform,6,OPERATOR_SAMPLED,l_mutation,landforms,5e20ec26cd2540928bf5e8be4f463616,106,0.35,False,top500,False,dd17a60cb6e00334,True,False,1,landform,67394,False,valley,13398
ea_llm_self_adaptive_api_1391_run1_20260720_223127.json,api,ea_llm_self_adaptive,1391,herring,solved,bd9f2858283673a2,3,frozen_uniform,6,CROSSOVER,crossover,aquatic_food,462609bbffc542e9b76538fb699d26c2;35e0da12ff6f44e69e97846d05d3b240,4,0.4,False,top500,False,,False,False,3,fish,8,False,fish,8
ea_llm_self_adaptive_api_1391_run1_20260720_223127.json,api,ea_llm_self_adaptive,1391,herring,solved,bd9f2858283673a2,3,frozen_uniform,7,OPERATOR_SAMPLED,ml_mutation,aquatic food,462609bbffc542e9b76538fb699d26c2,4,0.6,False,top100,False,b3239ff716cd00d3,True,False,1,tuna,12,False,herring,1
ea_llm_self_adaptive_api_1392_run1_20260721_123448.json,api,ea_llm_self_adaptive,1392,syrup,solved,bd9f2858283673a2,3,frozen_uniform,1,OPERATOR_SAMPLED,ml_mutation,nutritional categories,e74293c9f225461d8e256be8363496d8,184,0.4,False,top500,False,,False,False,1,carbohydrate,334,False,carbohydrate,334
ea_llm_self_adaptive_api_1392_run1_20260721_123448.json,api,ea_llm_self_adaptive,1392,syrup,solved,bd9f2858283673a2,3,frozen_uniform,1,OPERATOR_SAMPLED,m_mutation,biological processes related to consumption,647ba2ccf552493e9577cef8b3d0c5d7,598,0.6,False,top500,False,,False,False,1,digest,1319,False,taste,224
ea_llm_self_adaptive_api_1392_run1_20260721_123448.json,api,ea_llm_self_adaptive,1392,syrup,solved,bd9f2858283673a2,3,frozen_uniform,1,OPERATOR_SAMPLED,s_mutation,storage furniture,7ce2cb6b2c2f43bfb5e5932b65c1493d,1328,0.7,False,top500,False,,False,False,1,chest,2289,False,chest,2289
ea_llm_self_adaptive_api_1392_run1_20260721_123448.json,api,ea_llm_self_adaptive,1392,syrup,solved,bd9f2858283673a2,3,frozen_uniform,1,OPERATOR_SAMPLED,s_mutation,thermal conditions,d2b0646629e04ac99ef06506bf01d57c,1496,0.75,False,top100,False,,False,False,1,heat,1447,False,heat,1447
ea_llm_self_adaptive_api_1392_run1_20260721_123448.json,api,ea_llm_self_adaptive,1392,syrup,solved,bd9f2858283673a2,3,frozen_uniform,1,OPERATOR_SAMPLED,l_mutation,natural materials,4e82c5d2a833456abcd8fed20b567313,1551,0.5,False,top500,False,,False,False,1,stone,10759,False,wood,1589
ea_llm_self_adaptive_api_1392_run1_20260721_123448.json,api,ea_llm_self_adaptive,1392,syrup,solved,bd9f2858283673a2,3,frozen_uniform,1,CROSSOVER,crossover,Consumption Processes,e74293c9f225461d8e256be8363496d8;178526d5f94640cda5823a8e0eaf00d9,184,0.6,False,top500,False,,False,False,5,eat,598,False,eat,598
ea_llm_self_adaptive_api_1392_run1_20260721_123448.json,api,ea_llm_self_adaptive,1392,syrup,solved,bd9f2858283673a2,3,frozen_uniform,2,OPERATOR_SAMPLED,l_mutation,natural environments,e74293c9f225461d8e256be8363496d8,30,0.4,False,top500,False,,False,False,1,environment,25166,False,land,8323
ea_llm_self_adaptive_api_1392_run1_20260721_123448.json,api,ea_llm_self_adaptive,1392,syrup,solved,bd9f2858283673a2,3,frozen_uniform,2,OPERATOR_SAMPLED,ml_mutation,sensory functions related to perception,178526d5f94640cda5823a8e0eaf00d9,224,0.6,False,top500,False,5ae4f430d79cbcee,True,False,1,perceive,53326,False,sense,5509
ea_llm_self_adaptive_api_1392_run1_20260721_123448.json,api,ea_llm_self_adaptive,1392,syrup,solved,bd9f2858283673a2,3,frozen_uniform,2,OPERATOR_SAMPLED,ml_mutation,metabolic processes,3c461c0716f249e8af8a240e75ea4bf0,334,0.6,False,top500,False,9383b094775770bc,True,False,1,metabolism,4148,False,digestion,1303
ea_llm_self_adaptive_api_1392_run1_20260721_123448.json,api,ea_llm_self_adaptive,1392,syrup,solved,bd9f2858283673a2,3,frozen_uniform,2,OPERATOR_SAMPLED,ml_mutation,food preparation terms,647ba2ccf552493e9577cef8b3d0c5d7,358,0.5,False,top500,False,,False,False,1,grind,1516,False,mash,312
ea_llm_self_adaptive_api_1392_run1_20260721_123448.json,api,ea_llm_self_adaptive,1392,syrup,solved,bd9f2858283673a2,3,frozen_uniform,2,OPERATOR_SAMPLED,l_mutation,cultural artifacts,f14b573ad3ca4ee5bf251faaa43a1747,522,0.2,False,beyond,False,3c29d38a1a03d032,True,False,1,artifact,38894,False,object,19537
ea_llm_self_adaptive_api_1392_run1_20260721_123448.json,api,ea_llm_self_adaptive,1392,syrup,solved,bd9f2858283673a2,3,frozen_uniform,2,CROSSOVER,crossover,food processing processes,e74293c9f225461d8e256be8363496d8;178526d5f94640cda5823a8e0eaf00d9,30,0.6,False,top500,False,,False,False,4,consume,507,False,consume,507
ea_llm_self_adaptive_api_1392_run1_20260721_123448.json,api,ea_llm_self_adaptive,1392,syrup,solved,bd9f2858283673a2,3,frozen_uniform,3,OPERATOR_SAMPLED,l_mutation,material characteristics,e74293c9f225461d8e256be8363496d8,18,0.5,False,top500,False,,False,False,1,texture,1762,False,viscosity,729
ea_llm_self_adaptive_api_1392_run1_20260721_123448.json,api,ea_llm_self_adaptive,1392,syrup,solved,bd9f2858283673a2,3,frozen_uniform,3,OPERATOR_SAMPLED,s_mutation,dairy derivatives,3c461c0716f249e8af8a240e75ea4bf0,211,0.6,False,top500,False,9383b094775770bc,True,False,1,cheese,165,False,butter,16
ea_llm_self_adaptive_api_1392_run1_20260721_123448.json,api,ea_llm_self_adaptive,1392,syrup,solved,bd9f2858283673a2,3,frozen_uniform,3,OPERATOR_SAMPLED,l_mutation,perceptual experiences,178526d5f94640cda5823a8e0eaf00d9,224,0.4,False,top500,False,5ae4f430d79cbcee,True,False,1,sensation,3174,False,sensation,3174
ea_llm_self_adaptive_api_1392_run1_20260721_123448.json,api,ea_llm_self_adaptive,1392,syrup,solved,bd9f2858283673a2,3,frozen_uniform,3,OPERATOR_SAMPLED,s_mutation,cooking methods,647ba2ccf552493e9577cef8b3d0c5d7,358,0.7,False,top500,False,,False,False,1,bake,251,False,boil,151
ea_llm_self_adaptive_api_1392_run1_20260721_123448.json,api,ea_llm_self_adaptive,1392,syrup,solved,bd9f2858283673a2,3,frozen_uniform,3,OPERATOR_SAMPLED,ml_mutation,material descriptors,f14b573ad3ca4ee5bf251faaa43a1747,522,0.5,False,top500,False,3c29d38a1a03d032,True,False,1,soft,1070,False,soft,1070
ea_llm_self_adaptive_api_1392_run1_20260721_123448.json,api,ea_llm_self_adaptive,1392,syrup,solved,bd9f2858283673a2,3,frozen_uniform,3,CROSSOVER,crossover,dairy_foods,32a128b8b0e4473cb8baa85c2876139f;e74293c9f225461d8e256be8363496d8,16,0.7,False,top100,False,,False,False,3,butter,16,False,butter,16
ea_llm_self_adaptive_api_1392_run1_20260721_123448.json,api,ea_llm_self_adaptive,1392,syrup,solved,bd9f2858283673a2,3,frozen_uniform,4,OPERATOR_SAMPLED,s_mutation,sweet,e74293c9f225461d8e256be8363496d8,3,0.7,False,top100,False,,False,False,1,candy,46,False,candy,46
ea_llm_self_adaptive_api_1392_run1_20260721_123448.json,api,ea_llm_self_adaptive,1392,syrup,solved,bd9f2858283673a2,3,frozen_uniform,4,OPERATOR_SAMPLED,l_mutation,material characteristics,32a128b8b0e4473cb8baa85c2876139f,16,0.3,False,top500,False,8ab4fb8996992d6f,True,False,1,hardness,25607,False,lubricant,1283
ea_llm_self_adaptive_api_1392_run1_20260721_123448.json,api,ea_llm_self_adaptive,1392,syrup,solved,bd9f2858283673a2,3,frozen_uniform,4,OPERATOR_SAMPLED,ml_mutation,health habits,647ba2ccf552493e9577cef8b3d0c5d7,86,0.7,False,top100,False,,False,False,1,hydrate,1635,False,nourish,1394
ea_llm_self_adaptive_api_1392_run1_20260721_123448.json,api,ea_llm_self_adaptive,1392,syrup,solved,bd9f2858283673a2,3,frozen_uniform,4,OPERATOR_SAMPLED,m_mutation,chemical composition,3c461c0716f249e8af8a240e75ea4bf0,123,0.5,False,top500,False,9383b094775770bc,True,False,1,element,7465,False,crystal,930
ea_llm_self_adaptive_api_1392_run1_20260721_123448.json,api,ea_llm_self_adaptive,1392,syrup,solved,bd9f2858283673a2,3,frozen_uniform,4,OPERATOR_SAMPLED,m_mutation,states of water,9dc42e517b914f689508ac06692015a5,151,0.3,False,top500,False,69a6eb0966de3613,True,False,1,liquid,103,False,liquid,103
ea_llm_self_adaptive_api_1392_run1_20260721_123448.json,api,ea_llm_self_adaptive,1392,syrup,solved,bd9f2858283673a2,3,frozen_uniform,4,CROSSOVER,crossover,dairy_food,e74293c9f225461d8e256be8363496d8;32a128b8b0e4473cb8baa85c2876139f,3,0.75,False,top100,False,,False,False,3,milk,18,False,butter,16
ea_llm_self_adaptive_api_1392_run1_20260721_131533.json,api,ea_llm_self_adaptive,1392,syrup,solved,bd9f2858283673a2,3,frozen_uniform,1,OPERATOR_SAMPLED,ml_mutation,dietary terminology,6b697df569bf4f77be42a96df6c8f21c,30,0.5,False,top500,False,,False,False,1,protein,663,False,calorie,465
ea_llm_self_adaptive_api_1392_run1_20260721_131533.json,api,ea_llm_self_adaptive,1392,syrup,solved,bd9f2858283673a2,3,frozen_uniform,1,OPERATOR_SAMPLED,l_mutation,symbolism,5823b62ec9f448198a88ad5c1c2104fe,1182,0.3,False,beyond,False,,False,False,1,symbol,15816,False,symbol,15816
ea_llm_self_adaptive_api_1392_run1_20260721_131533.json,api,ea_llm_self_adaptive,1392,syrup,solved,bd9f2858283673a2,3,frozen_uniform,1,OPERATOR_SAMPLED,s_mutation,storage furniture,f7319b405f1e40349d3529834676454e,1328,0.6,False,top500,False,,False,False,1,chest,2289,False,shelf,1747
ea_llm_self_adaptive_api_1392_run1_20260721_131533.json,api,ea_llm_self_adaptive,1392,syrup,solved,bd9f2858283673a2,3,frozen_uniform,1,OPERATOR_SAMPLED,l_mutation,sustainability,098cc0d0d935487da9a6be939b7ddb15,1551,0.2,False,beyond,False,,False,False,1,eco,34671,False,renewable,12299
ea_llm_self_adaptive_api_1392_run1_20260721_131533.json,api,ea_llm_self_adaptive,1392,syrup,solved,bd9f2858283673a2,3,frozen_uniform,1,OPERATOR_SAMPLED,m_mutation,capturing items,2cdf008b254842d69bc9ced87cf231e0,1984,0.3,False,top500,False,,False,False,1,capture,39911,False,collect,3137
ea_llm_self_adaptive_api_1392_run1_20260721_131533.json,api,ea_llm_self_adaptive,1392,syrup,solved,bd9f2858283673a2,3,frozen_uniform,1,CROSSOVER,crossover,nutritional_components,6b697df569bf4f77be42a96df6c8f21c;7c6996c20f7a4bfdb3156c27c102c134,30,0.7,False,top500,False,,False,False,3,fiber,2378,False,grain,298
ea_llm_self_adaptive_api_1392_run1_20260721_131533.json,api,ea_llm_self_adaptive,1392,syrup,solved,bd9f2858283673a2,3,frozen_uniform,2,OPERATOR_SAMPLED,m_mutation,botanical terms,6b697df569bf4f77be42a96df6c8f21c,30,0.4,False,top500,False,,False,False,1,produce,715,False,seed,523
ea_llm_self_adaptive_api_1392_run1_20260721_131533.json,api,ea_llm_self_adaptive,1392,syrup,solved,bd9f2858283673a2,3,frozen_uniform,2,OPERATOR_SAMPLED,l_mutation,landscapes,c68e6968e6ea46a19d0b5b0dc8278446,298,0.3,False,top500,False,7a538c775187c134,True,False,1,slope,,True,ridge,7049
ea_llm_self_adaptive_api_1392_run1_20260721_131533.json,api,ea_llm_self_adaptive,1392,syrup,solved,bd9f2858283673a2,3,frozen_uniform,2,OPERATOR_SAMPLED,m_mutation,Chemical foundations,71509ceeffb146428f8fac19eaf27822,377,0.3,False,top500,False,86fdd213046752b7,True,False,1,chemistry,4961,False,compound,962
ea_llm_self_adaptive_api_1392_run1_20260721_131533.json,api,ea_llm_self_adaptive,1392,syrup,solved,bd9f2858283673a2,3,frozen_uniform,2,OPERATOR_SAMPLED,ml_mutation,plant descriptors,5823b62ec9f448198a88ad5c1c2104fe,695,0.3,False,top500,False,,False,False,1,bushy,42077,False,tall,4109
ea_llm_self_adaptive_api_1392_run1_20260721_131533.json,api,ea_llm_self_adaptive,1392,syrup,solved,bd9f2858283673a2,3,frozen_uniform,2,OPERATOR_SAMPLED,s_mutation,storage furniture,f7319b405f1e40349d3529834676454e,1328,0.7,False,top500,False,,False,False,1,closet,22869,False,buffet,1061
ea_llm_self_adaptive_api_1392_run1_20260721_131533.json,api,ea_llm_self_adaptive,1392,syrup,solved,bd9f2858283673a2,3,frozen_uniform,2,CROSSOVER,crossover,nutritional_food_components,6b697df569bf4f77be42a96df6c8f21c;c68e6968e6ea46a19d0b5b0dc8278446,30,0.6,False,top500,False,,False,False,3,grain,298,False,grain,298
ea_llm_self_adaptive_api_1392_run1_20260721_131533.json,api,ea_llm_self_adaptive,1392,syrup,solved,bd9f2858283673a2,3,frozen_uniform,3,OPERATOR_SAMPLED,l_mutation,chemical_substances,c68e6968e6ea46a19d0b5b0dc8278446,3,0.2,False,beyond,False,7a538c775187c134,True,False,1,salt,123,False,soda,15
ea_llm_self_adaptive_api_1392_run1_20260721_131533.json,api,ea_llm_self_adaptive,1392,syrup,solved,bd9f2858283673a2,3,frozen_uniform,3,OPERATOR_SAMPLED,ml_mutation,plant descriptors,6b697df569bf4f77be42a96df6c8f21c,30,0.5,False,top500,False,,False,False,1,spiky,28711,False,sweet,48
ea_llm_self_adaptive_api_1392_run1_20260721_131533.json,api,ea_llm_self_adaptive,1392,syrup,solved,bd9f2858283673a2,3,frozen_uniform,3,OPERATOR_SAMPLED,m_mutation,chemical origins,71509ceeffb146428f8fac19eaf27822,377,0.4,False,top500,False,86fdd213046752b7,True,False,1,chemical,907,False,chemical,907
ea_llm_self_adaptive_api_1392_run1_20260721_131533.json,api,ea_llm_self_adaptive,1392,syrup,solved,bd9f2858283673a2,3,frozen_uniform,3,OPERATOR_SAMPLED,l_mutation,origins and initiations,14f8b940075b4fa284ece321beadc69a,523,0.4,False,top500,False,6043a16d9605e7b8,True,False,1,origin,5758,False,origin,5758
ea_llm_self_adaptive_api_1392_run1_20260721_131533.json,api,ea_llm_self_adaptive,1392,syrup,solved,bd9f2858283673a2,3,frozen_uniform,3,OPERATOR_SAMPLED,m_mutation,written_material_components,5823b62ec9f448198a88ad5c1c2104fe,695,0.3,False,beyond,False,,False,False,1,page,12969,False,sheet,2963
ea_llm_self_adaptive_api_1392_run1_20260721_131533.json,api,ea_llm_self_adaptive,1392,syrup,solved,bd9f2858283673a2,3,frozen_uniform,3,CROSSOVER,crossover,nutrient_chemicals,c68e6968e6ea46a19d0b5b0dc8278446;963a273c4f1b4de194cfb6a5d2df8cd3,3,0.5,False,top500,False,,False,False,3,grain,298,False,malt,114
ea_llm_self_adaptive_api_1392_run1_20260721_131533.json,api,ea_llm_self_adaptive,1392,syrup,solved,bd9f2858283673a2,3,frozen_uniform,4,OPERATOR_SAMPLED,m_mutation,sweetener_terms,c68e6968e6ea46a19d0b5b0dc8278446,3,0.4,False,top500,False,7a538c775187c134,True,False,1,confection,323,False,syrup,1
